[
  {
    "id": 12875,
    "name": "Dwayne Schwartz",
    "title": "Assistant to the Regional Manager",
    "salary": 65000
  },
  {
    "id": 14094,
    "name": "Milly Cook",
    "title": "Customer Service Representative",
    "salary": 40000
  },
  {
    "id": 12894,
    "name": "Darren Philmore",
    "title": "Warehouse Foreman",
    "salary": 68000
  },
  {
    "id": 13893,
    "name": "Daniella Padilla",
    "title": "Accountant",
    "salary": 54000
  },
  {
    "id": 12943,
    "name": "Cleo Carson",
    "title": "Saleswoman",
    "salary": 65000
  },
  {
    "id": 19523,
    "name": "Evangeline Blake",
    "title": "Saleswoman",
    "salary": 65000
  },
  {
    "id": 18349,
    "name": "Tory Henderson",
    "title": "Human Resources Representative",
    "salary": 60000
  },
  {
    "id": 11853,
    "name": "Max Scarn",
    "title": "Regional Manager",
    "salary": 70000
  },
  {
    "id": 14821,
    "name": "Daniella Padilla",
    "title": "Secretary",
    "salary": 45000
  },
  {
    "id": 15834,
    "name": "Felix Mendez",
    "title": "Salesman",
    "salary": 65000
  },
  {
    "id": 84363,
    "name": "Kurt Peck",
    "title": "Salesman",
    "salary": 65000
  },
  {
    "id": 83724,
    "name": "Hayley Santos",
    "title": "Accountant",
    "salary": 54000
  },
  {
    "id": 38542,
    "name": "Hannah Lamb",
    "title": "Saleswoman",
    "salary": 65000
  },
  {
    "id": 84624,
    "name": "Melanie Jensen",
    "title": "Saleswoman",
    "salary": 65000
  },
  {
    "id": 96825,
    "name": "Tianna Dorsey",
    "title": "Intern",
    "salary": 30000
  },
  {
    "id": 48235,
    "name": "Stan Zuniga",
    "title": "Salesman",
    "salary": 65000
  },
  {
    "id": 27937,
    "name": "Robert Lambert",
    "title": "Accountant",
    "salary": 54000
  },
  {
    "id": 43820,
    "name": "Saskia Hubbard",
    "title": "Saleswoman",
    "salary": 65000
  },
  {
    "id": 10053,
    "name": "Katy Harrington",
    "title": "Saleswoman",
    "salary": 65000
  },
  {
    "id": 43289,
    "name": "Lottie Noble",
    "title": "Intern",
    "salary": 30000
  },
  {
    "id": 12476,
    "name": "Khadijah Clayton",
    "title": "Salesman",
    "salary": 65000
  },
  {
    "id": 75313,
    "name": "Bailey Norton",
    "title": "Accountant",
    "salary": 54000
  },
  {
    "id": 86321,
    "name": "Aliyah McKinney",
    "title": "Saleswoman",
    "salary": 65000
  },
  {
    "id": 12363,
    "name": "Caroline Mayer",
    "title": "Saleswoman",
    "salary": 65000
  },
  {
    "id": 87542,
    "name": "Ryan Johnson",
    "title": "Intern",
    "salary": 30000
  }
]
